,in_sample_R2,cv_R2 (TimeSeriesSplit)
OLS,0.7707660325002417,-0.973669448299977
Ridge,0.6265757480274512,0.17366937297466065
Lasso,0.6739235173092666,0.5432960702381694
